geometry_id,angle_deg,launched,P,P0,P1_8,P9plus,E,E0,E1_8,E9plus,T50plus,X
G1,0.0,21851,18649,1461,17188,0,3202,0,3202,0,0,0
G1,1.0,21851,18644,1460,17184,0,3207,0,3207,0,0,0
G1,2.0,21851,18316,1462,16854,0,3535,0,3535,0,0,0
G1,3.0,21851,17636,1458,16178,0,4215,0,4215,0,0,0
G1,4.0,21851,16889,1457,15432,0,4962,0,4962,0,0,0
G1,5.0,21851,16111,1466,14645,0,5740,0,5740,0,0,0
G1,6.0,21851,15337,1460,13877,0,6514,0,6514,0,0,0
G1,7.0,21851,14580,1459,13121,0,7271,0,7271,0,0,0
G1,8.0,21851,13837,1464,12373,0,8014,0,8014,0,0,0
G1,9.0,21851,13105,1458,11647,0,8746,0,8746,0,0,0
G1,10.0,21851,12366,1463,10903,0,9485,0,9485,0,0,0
G1,11.0,21851,11628,1466,10162,0,10223,0,10223,0,0,0
G1,12.0,21851,10882,1461,9421,0,10969,0,10969,0,0,0
G1,13.0,21851,10126,1467,8659,0,11725,0,11725,0,0,0
G1,14.0,21851,9395,1453,7942,0,12456,0,12456,0,0,0
G1,15.0,21851,8671,1460,7211,0,13180,0,13136,44,0,0
G1,24.0,21851,2693,198,2495,0,19152,0,17931,1221,6,0
G1,28.0,21851,709,0,709,0,21136,0,19986,1150,6,0
G1,29.0,21851,346,0,346,0,21501,0,20413,1088,4,0
G1,30.0,21851,72,0,72,0,21773,0,20746,1027,6,0
G1,30.1,21851,60,0,60,0,21785,0,20768,1017,6,0
G1,30.2,21851,44,0,44,0,21801,0,20796,1005,6,0
G1,30.3,21851,30,0,30,0,21815,0,20814,1001,6,0
G1,30.4,21851,20,0,20,0,21824,0,20829,995,7,0
G1,30.5,21851,10,0,10,0,21834,0,20843,991,7,0
G1,30.6,21851,4,0,4,0,21841,0,20855,986,6,0
G1,30.7,21851,0,0,0,0,21846,0,20865,981,5,0
G1,30.8,21851,0,0,0,0,21846,0,20869,977,5,0
G1,30.9,21851,0,0,0,0,21846,0,20866,980,5,0
G1,31.0,21851,0,0,0,0,21846,0,20869,977,5,0
G1,31.1,21851,0,0,0,0,21846,0,20879,967,5,0
G1,31.2,21851,0,0,0,0,21846,0,20887,959,5,0
G1,31.3,21851,0,0,0,0,21845,0,20892,953,6,0
G1,31.4,21851,0,0,0,0,21845,0,20895,950,6,0
G1,31.5,21851,0,0,0,0,21845,0,20898,947,6,0
G1,31.6,21851,0,0,0,0,21845,0,20904,941,6,0
G1,31.7,21851,0,0,0,0,21845,0,20910,935,6,0
G1,31.8,21851,0,0,0,0,21845,0,20910,935,6,0
G1,31.9,21851,0,0,0,0,21845,0,20913,932,6,0
G1,32.0,21851,0,0,0,0,21845,0,20917,928,6,0
G1,32.1,21851,0,0,0,0,21845,0,20928,917,6,0
G1,32.2,21851,0,0,0,0,21846,0,20936,910,5,0
G1,32.3,21851,0,0,0,0,21846,0,20940,906,5,0
G1,32.4,21851,0,0,0,0,21846,0,20948,898,5,0
G1,32.5,21851,0,0,0,0,21846,0,20951,895,5,0
G1,32.6,21851,0,0,0,0,21846,0,20955,891,5,0
G1,32.7,21851,0,0,0,0,21846,0,20960,886,5,0
G1,32.8,21851,0,0,0,0,21846,0,20961,885,5,0
G1,32.9,21851,0,0,0,0,21846,0,20967,879,5,0
G1,33.0,21851,0,0,0,0,21847,0,20970,877,4,0
G1,33.1,21851,0,0,0,0,21847,0,20975,872,4,0
G1,33.2,21851,0,0,0,0,21847,0,20982,865,4,0
G1,33.3,21851,0,0,0,0,21847,0,20991,856,4,0
G1,33.4,21851,0,0,0,0,21847,0,20996,851,4,0
G1,33.5,21851,0,0,0,0,21848,0,21002,846,3,0
G1,33.6,21851,0,0,0,0,21848,0,21007,841,3,0
G1,33.7,21851,0,0,0,0,21848,0,21010,838,3,0
G1,33.8,21851,0,0,0,0,21848,0,21014,834,3,0
G1,33.9,21851,0,0,0,0,21849,0,21016,833,2,0
G1,34.0,21851,0,0,0,0,21849,0,21025,824,2,0
G1,34.1,21851,0,0,0,0,21848,0,21029,819,3,0
G1,34.2,21851,0,0,0,0,21848,0,21031,817,3,0
G1,34.3,21851,0,0,0,0,21848,0,21038,810,3,0
G1,34.4,21851,0,0,0,0,21848,0,21043,805,3,0
G1,34.5,21851,0,0,0,0,21848,0,21048,800,3,0
G1,34.6,21851,0,0,0,0,21848,0,21051,797,3,0
G1,34.7,21851,0,0,0,0,21848,0,21056,792,3,0
G1,34.8,21851,0,0,0,0,21848,0,21065,783,3,0
G1,34.9,21851,0,0,0,0,21848,0,21068,780,3,0
G1,35.0,21851,0,0,0,0,21848,0,21071,777,3,0
G1,35.1,21851,0,0,0,0,21848,0,21074,774,3,0
G1,35.2,21851,0,0,0,0,21848,0,21078,770,3,0
G1,35.3,21851,0,0,0,0,21848,0,21081,767,3,0
G1,35.4,21851,0,0,0,0,21848,0,21086,762,3,0
G1,35.5,21851,0,0,0,0,21848,0,21092,756,3,0
G1,35.6,21851,0,0,0,0,21848,0,21103,745,3,0
G1,35.7,21851,0,0,0,0,21848,0,21104,744,3,0
G1,35.8,21851,0,0,0,0,21848,0,21110,738,3,0
G1,35.9,21851,0,0,0,0,21848,0,21111,737,3,0
G1,36.0,21851,0,0,0,0,21848,0,21114,734,3,0
G1,36.1,21851,0,0,0,0,21848,0,21120,728,3,0
G1,36.2,21851,0,0,0,0,21848,0,21124,724,3,0
G1,36.3,21851,0,0,0,0,21848,0,21128,720,3,0
G1,36.4,21851,0,0,0,0,21848,0,21132,716,3,0
G1,36.5,21851,0,0,0,0,21848,0,21134,714,3,0
G1,36.6,21851,0,0,0,0,21848,0,21142,706,3,0
G1,36.7,21851,0,0,0,0,21848,0,21144,704,3,0
G1,36.8,21851,0,0,0,0,21848,0,21150,698,3,0
G1,36.9,21851,0,0,0,0,21848,0,21153,695,3,0
G1,37.0,21851,0,0,0,0,21848,0,21155,693,3,0
G1,37.1,21851,0,0,0,0,21848,0,21159,689,3,0
G1,37.2,21851,0,0,0,0,21848,0,21162,686,3,0
G1,37.3,21851,0,0,0,0,21849,0,21167,682,2,0
G1,37.4,21851,0,0,0,0,21849,0,21173,676,2,0
G1,37.5,21851,0,0,0,0,21849,0,21177,672,2,0
G1,37.6,21851,0,0,0,0,21849,0,21181,668,2,0
G1,37.7,21851,0,0,0,0,21849,0,21181,668,2,0
G1,37.8,21851,0,0,0,0,21849,0,21187,662,2,0
G1,37.9,21851,0,0,0,0,21849,0,21193,656,2,0
G1,38.0,21851,0,0,0,0,21849,0,21196,653,2,0
G1,38.1,21851,0,0,0,0,21849,0,21200,649,2,0
G1,38.2,21851,0,0,0,0,21849,0,21201,648,2,0
G1,38.3,21851,0,0,0,0,21849,0,21205,644,2,0
G1,38.4,21851,0,0,0,0,21849,0,21211,638,2,0
G1,38.5,21851,0,0,0,0,21849,0,21214,635,2,0
G1,38.6,21851,0,0,0,0,21849,0,21217,633,1,0
G1,38.7,21851,0,0,0,0,21850,0,21223,627,1,0
G1,38.8,21851,0,0,0,0,21850,0,21228,622,1,0
G1,38.9,21851,0,0,0,0,21850,0,21230,620,1,0
G1,39.0,21851,0,0,0,0,21850,0,21236,614,1,0
G1,39.1,21851,0,0,0,0,21849,0,21240,609,2,0
G1,39.2,21851,0,0,0,0,21849,0,21241,608,2,0
G1,39.3,21851,0,0,0,0,21849,0,21244,605,2,0
G1,39.4,21851,0,0,0,0,21849,0,21249,600,2,0
G1,39.5,21851,0,0,0,0,21849,0,21254,595,2,0
G1,39.6,21851,0,0,0,0,21849,0,21256,593,2,0
G1,39.7,21851,0,0,0,0,21849,0,21262,587,2,0
G1,39.8,21851,0,0,0,0,21849,0,21265,584,2,0
G1,39.9,21851,0,0,0,0,21848,0,21268,580,3,0
G1,40.0,21851,0,0,0,0,21848,0,21268,580,3,0
G1,60.0,21851,0,0,0,0,21850,0,21727,123,1,0
G1,85.0,21851,0,0,0,0,21851,0,21850,1,0,0
G2,0.0,19779,19779,1461,18318,0,0,0,0,0,0,0
G2,1.0,19779,19273,1460,17813,0,506,0,506,0,0,0
G2,2.0,19779,18503,1462,17041,0,1276,0,1276,0,0,0
G2,3.0,19779,17724,1458,16266,0,2055,0,2055,0,0,0
G2,4.0,19779,16966,1457,15509,0,2813,0,2813,0,0,0
G2,5.0,19779,16192,1466,14726,0,3587,0,3587,0,0,0
G2,6.0,19779,15447,1460,13987,0,4332,0,4332,0,0,0
G2,7.0,19779,14693,1459,13234,0,5086,0,5086,0,0,0
G2,8.0,19779,13936,1464,12472,0,5843,0,5843,0,0,0
G2,9.0,19779,13194,1458,11736,0,6585,0,6585,0,0,0
G2,10.0,19779,12436,1463,10973,0,7343,0,7343,0,0,0
G2,11.0,19779,11670,1466,10204,0,8109,0,8109,0,0,0
G2,12.0,19779,10899,1461,9438,0,8880,0,8880,0,0,0
G2,13.0,19779,10151,1467,8684,0,9628,0,9628,0,0,0
G2,14.0,19779,9410,1453,7957,0,10369,0,10354,15,0,0
G2,15.0,19779,8677,1460,7217,0,11102,0,10991,111,0,0
G2,24.0,19779,2678,79,2599,0,17096,0,15788,1308,5,0
G2,28.0,19779,674,0,674,0,19100,0,17875,1225,5,0
G2,29.0,19779,310,0,310,0,19463,0,18307,1156,6,0
G2,30.0,19779,29,0,29,0,19745,0,18638,1107,5,0
G2,30.1,19779,11,0,11,0,19762,0,18657,1105,6,0
G2,30.2,19779,19772,0,1,0,19772,0,18674,1098,6,0
G2,30.3,19779,0,0,0,0,19773,0,18684,1089,6,0
G2,30.4,19779,0,0,0,0,19772,0,18688,1084,7,0
G2,30.5,19779,0,0,0,0,19773,0,18692,1081,6,0
G2,30.6,19779,0,0,0,0,19773,0,18698,1075,6,0
G2,30.7,19779,0,0,0,0,19773,0,18708,1065,6,0
G2,30.8,19779,0,0,0,0,19774,0,18716,1058,5,0
G2,30.9,19779,0,0,0,0,19774,0,18721,1053,5,0
G2,31.0,19779,0,0,0,0,19774,0,18725,1049,5,0
G2,31.1,19779,0,0,0,0,19774,0,18732,1042,5,0
G2,31.2,19779,0,0,0,0,19774,0,18738,1036,5,0
G2,31.3,19779,0,0,0,0,19774,0,18745,1029,5,0
G2,31.4,19779,0,0,0,0,19774,0,18750,1024,5,0
G2,31.5,19779,0,0,0,0,19774,0,18754,1020,5,0
G2,31.6,19779,0,0,0,0,19774,0,18759,1015,5,0
G2,31.7,19779,0,0,0,0,19774,0,18765,1009,5,0
G2,31.8,19779,0,0,0,0,19774,0,18769,1005,5,0
G2,31.9,19779,0,0,0,0,19774,0,18781,993,5,0
G2,32.0,19779,0,0,0,0,19774,0,18785,989,5,0
G2,32.1,19779,0,0,0,0,19774,0,18788,986,5,0
G2,32.2,19779,0,0,0,0,19774,0,18793,981,5,0
G2,32.3,19779,0,0,0,0,19774,0,18797,977,5,0
G2,32.4,19779,0,0,0,0,19774,0,18801,973,5,0
G2,32.5,19779,0,0,0,0,19774,0,18808,966,5,0
G2,32.6,19779,0,0,0,0,19774,0,18817,957,5,0
G2,32.7,19779,0,0,0,0,19774,0,18822,952,5,0
G2,32.8,19779,0,0,0,0,19774,0,18827,947,5,0
G2,32.9,19779,0,0,0,0,19774,0,18831,943,5,0
G2,33.0,19779,0,0,0,0,19774,0,18837,937,5,0
G2,33.1,19779,0,0,0,0,19774,0,18842,932,5,0
G2,33.2,19779,0,0,0,0,19774,0,18848,926,5,0
G2,33.3,19779,0,0,0,0,19774,0,18854,920,5,0
G2,33.4,19779,0,0,0,0,19774,0,18857,917,5,0
G2,33.5,19779,0,0,0,0,19774,0,18861,913,5,0
G2,33.6,19779,0,0,0,0,19774,0,18865,909,5,0
G2,33.7,19779,0,0,0,0,19775,0,18874,901,4,0
G2,33.8,19779,0,0,0,0,19775,0,18885,890,4,0
G2,33.9,19779,0,0,0,0,19775,0,18887,888,4,0
G2,34.0,19779,0,0,0,0,19775,0,18891,884,4,0
G2,34.1,19779,0,0,0,0,19776,0,18895,881,3,0
G2,34.2,19779,0,0,0,0,19776,0,18904,872,3,0
G2,34.3,19779,0,0,0,0,19775,0,18910,865,4,0
G2,34.4,19779,0,0,0,0,19775,0,18913,862,4,0
G2,34.5,19779,0,0,0,0,19776,0,18915,861,3,0
G2,34.6,19779,0,0,0,0,19776,0,18920,856,3,0
G2,34.7,19779,0,0,0,0,19776,0,18926,850,3,0
G2,34.8,19779,0,0,0,0,19776,0,18932,844,3,0
G2,34.9,19779,0,0,0,0,19776,0,18935,841,3,0
G2,35.0,19779,0,0,0,0,19776,0,18940,836,3,0
G2,35.1,19779,0,0,0,0,19776,0,18944,832,3,0
G2,35.2,19779,0,0,0,0,19776,0,18950,826,3,0
G2,35.3,19779,0,0,0,0,19776,0,18954,822,3,0
G2,35.4,19779,0,0,0,0,19776,0,18959,817,3,0
G2,35.5,19779,0,0,0,0,19776,0,18965,811,3,0
G2,35.6,19779,0,0,0,0,19776,0,18971,805,3,0
G2,35.7,19779,0,0,0,0,19776,0,18974,802,3,0
G2,35.8,19779,0,0,0,0,19776,0,18977,799,3,0
G2,35.9,19779,0,0,0,0,19776,0,18983,793,3,0
G2,36.0,19779,0,0,0,0,19776,0,18987,789,3,0
G2,36.1,19779,0,0,0,0,19777,0,18988,789,2,0
G2,36.2,19779,0,0,0,0,19777,0,18991,786,2,0
G2,36.3,19779,0,0,0,0,19777,0,18999,778,2,0
G2,36.4,19779,0,0,0,0,19777,0,19004,773,2,0
G2,36.5,19779,0,0,0,0,19777,0,19008,769,2,0
G2,36.6,19779,0,0,0,0,19777,0,19012,765,2,0
G2,36.7,19779,0,0,0,0,19777,0,19018,759,2,0
G2,36.8,19779,0,0,0,0,19777,0,19022,755,2,0
G2,36.9,19779,0,0,0,0,19777,0,19024,753,2,0
G2,37.0,19779,0,0,0,0,19777,0,19030,747,2,0
G2,37.1,19779,0,0,0,0,19776,0,19033,743,3,0
G2,37.2,19779,0,0,0,0,19776,0,19039,737,3,0
G2,37.3,19779,0,0,0,0,19776,0,19041,735,3,0
G2,37.4,19779,0,0,0,0,19776,0,19046,730,3,0
G2,37.5,19779,0,0,0,0,19776,0,19048,728,3,0
G2,37.6,19779,0,0,0,0,19776,0,19055,721,3,0
G2,37.7,19779,0,0,0,0,19776,0,19061,715,3,0
G2,37.8,19779,0,0,0,0,19776,0,19062,714,3,0
G2,37.9,19779,0,0,0,0,19776,0,19067,709,3,0
G2,38.0,19779,0,0,0,0,19776,0,19071,705,3,0
G2,38.1,19779,0,0,0,0,19776,0,19075,701,3,0
G2,38.2,19779,0,0,0,0,19776,0,19079,697,3,0
G2,38.3,19779,0,0,0,0,19776,0,19081,695,3,0
G2,38.4,19779,0,0,0,0,19776,0,19085,691,3,0
G2,38.5,19779,0,0,0,0,19776,0,19090,686,3,0
G2,38.6,19779,0,0,0,0,19776,0,19094,682,3,0
G2,38.7,19779,0,0,0,0,19776,0,19099,677,3,0
G2,38.8,19779,0,0,0,0,19776,0,19102,674,3,0
G2,38.9,19779,0,0,0,0,19776,0,19106,670,3,0
G2,39.0,19779,0,0,0,0,19776,0,19110,666,3,0
G2,39.1,19779,0,0,0,0,19776,0,19113,663,3,0
G2,39.2,19779,0,0,0,0,19776,0,19118,658,3,0
G2,39.3,19779,0,0,0,0,19776,0,19122,654,3,0
G2,39.4,19779,0,0,0,0,19776,0,19127,649,3,0
G2,39.5,19779,0,0,0,0,19776,0,19129,647,3,0
G2,39.6,19779,0,0,0,0,19776,0,19133,643,3,0
G2,39.7,19779,0,0,0,0,19776,0,19137,639,3,0
G2,39.8,19779,0,0,0,0,19776,0,19139,637,3,0
G2,39.9,19779,0,0,0,0,19776,0,19142,634,3,0
G2,40.0,19779,0,0,0,0,19776,0,19146,630,3,0
G2,60.0,19779,0,0,0,0,19778,0,19627,151,1,0
G2,85.0,19779,0,0,0,0,19779,0,19779,0,0,0
G3,0.0,21851,16704,1461,15243,0,5147,0,5147,0,0,0
G3,1.0,21851,16687,1460,15227,0,5164,0,5164,0,0,0
G3,2.0,21851,16620,1462,15158,0,5231,0,5231,0,0,0
G3,3.0,21851,16513,1458,15055,0,5338,0,5338,0,0,0
G3,4.0,21851,16339,1457,14882,0,5512,0,5512,0,0,0
G3,5.0,21851,16101,1466,14635,0,5750,0,5750,0,0,0
G3,6.0,21851,15773,1460,14313,0,6078,0,6078,0,0,0
G3,7.0,21851,15412,1459,13953,0,6439,0,6439,0,0,0
G3,8.0,21851,15013,1464,13549,0,6838,0,6838,0,0,0
G3,9.0,21851,14594,1458,13136,0,7257,0,7257,0,0,0
G3,10.0,21851,14149,1463,12686,0,7702,0,7702,0,0,0
G3,11.0,21851,13680,1466,12214,0,8171,0,8171,0,0,0
G3,12.0,21851,13214,1461,11753,0,8637,0,8637,0,0,0
G3,13.0,21851,12713,1467,11246,0,9138,0,9138,0,0,0
G3,14.0,21851,12228,1453,10775,0,9138,0,9138,0,0,0
G3,15.0,21851,11699,1460,10239,0,10152,0,10065,87,0,0
G3,24.0,21851,1748,198,1550,0,20100,0,18684,1416,3,0
G3,28.0,21851,254,0,254,0,21594,0,20180,1414,6,0
G3,29.0,21851,85,0,85,0,21763,0,20355,1408,6,0
G3,30.0,21851,9,0,9,0,21839,0,20464,1375,6,0
G3,30.1,21851,6,0,6,0,21843,0,20472,1371,6,0
G3,30.2,21851,4,0,4,0,21847,0,20480,1367,4,0
G3,30.3,21851,3,0,3,0,21848,0,20490,1358,4,0
G3,30.4,21851,1,0,1,0,21850,0,20497,1353,4,0
G3,30.5,21851,1,0,1,0,21850,0,20504,1346,4,0
G3,30.6,21851,1,0,1,0,21850,0,20512,1338,4,0
G3,30.7,21851,1,0,1,0,21850,0,20520,1330,4,0
G3,30.8,21851,0,0,0,0,21851,0,20527,1324,4,0
G3,30.9,21851,0,0,0,0,21851,0,20535,1316,4,0
G3,31.0,21851,0,0,0,0,21851,0,20544,1307,4,0
G3,31.1,21851,0,0,0,0,21851,0,20552,1299,4,0
G3,31.2,21851,0,0,0,0,21851,0,20559,1292,4,0
G3,31.3,21851,0,0,0,0,21851,0,20567,1284,4,0
G3,31.4,21851,0,0,0,0,21851,0,20575,1276,4,0
G3,31.5,21851,0,0,0,0,21851,0,20584,1267,4,0
G3,31.6,21851,0,0,0,0,21851,0,20593,1258,4,0
G3,31.7,21851,0,0,0,0,21851,0,20602,1249,4,0
G3,31.8,21851,0,0,0,0,21851,0,20612,1239,4,0
G3,31.9,21851,0,0,0,0,21851,0,20620,1231,4,0
G3,32.0,21851,0,0,0,0,21851,0,20628,1223,4,0
G3,32.1,21851,0,0,0,0,21851,0,20637,1214,4,0
G3,32.2,21851,0,0,0,0,21851,0,20644,1207,4,0
G3,32.3,21851,0,0,0,0,21851,0,20652,1199,4,0
G3,32.4,21851,0,0,0,0,21851,0,20659,1192,4,0
G3,32.5,21851,0,0,0,0,21851,0,20668,1183,4,0
G3,32.6,21851,0,0,0,0,21851,0,20677,1174,4,0
G3,32.7,21851,0,0,0,0,21851,0,20686,1165,4,0
G3,32.8,21851,0,0,0,0,21851,0,20695,1156,4,0
G3,32.9,21851,0,0,0,0,21851,0,20704,1147,4,0
G3,33.0,21851,0,0,0,0,21851,0,20713,1138,4,0
G3,33.1,21851,0,0,0,0,21851,0,20722,1129,4,0
G3,33.2,21851,0,0,0,0,21851,0,20731,1120,4,0
G3,33.3,21851,0,0,0,0,21851,0,20740,1111,4,0
G3,33.4,21851,0,0,0,0,21851,0,20749,1102,4,0
G3,33.5,21851,0,0,0,0,21851,0,20758,1093,4,0
G3,33.6,21851,0,0,0,0,21851,0,20767,1084,4,0
G3,33.7,21851,0,0,0,0,21851,0,20776,1075,4,0
G3,33.8,21851,0,0,0,0,21851,0,20785,1066,4,0
G3,33.9,21851,21851,0,0,0,0,21851,0,20794,1057,4,0
G3,34.0,21851,0,0,0,0,21851,0,20799,1052,4,0
G3,34.1,21851,0,0,0,0,21851,0,20805,1046,4,0
G3,34.2,21851,0,0,0,0,21851,0,20812,1039,4,0
G3,34.3,21851,0,0,0,0,21851,0,20819,1032,4,0
G3,34.4,21851,0,0,0,0,21851,0,20826,1025,4,0
G3,34.5,21851,0,0,0,0,21851,0,20833,1018,4,0
G3,34.6,21851,0,0,0,0,21851,0,20840,1011,4,0
G3,34.7,21851,0,0,0,0,21851,0,20847,1004,4,0
G3,34.8,21851,0,0,0,0,21851,0,20854,997,4,0
G3,34.9,21851,0,0,0,0,21851,0,20861,990,4,0
G3,35.0,21851,0,0,0,0,21851,0,20868,983,4,0
G3,35.1,21851,0,0,0,0,21851,0,20875,976,4,0
G3,35.2,21851,0,0,0,0,21851,0,20882,969,4,0
G3,35.3,21851,0,0,0,0,21851,0,20889,962,4,0
G3,35.4,21851,0,0,0,0,21851,0,20896,955,4,0
G3,35.5,21851,0,0,0,0,21851,0,20903,948,4,0
G3,35.6,21851,0,0,0,0,21851,0,20910,941,4,0
G3,35.7,21851,0,0,0,0,21851,0,20917,934,4,0
G3,35.8,21851,0,0,0,0,21851,0,20924,927,4,0
G3,35.9,21851,0,0,0,0,21851,0,20931,920,4,0
G3,36.0,21851,0,0,0,0,21851,0,20938,913,4,0
G3,36.1,21851,0,0,0,0,21851,0,20945,906,4,0
G3,36.2,21851,0,0,0,0,21851,0,20952,899,4,0
G3,36.3,21851,0,0,0,0,21851,0,20959,892,4,0
G3,36.4,21851,0,0,0,0,21851,0,20966,885,4,0
G3,36.5,21851,0,0,0,0,21851,0,20973,878,4,0
G3,36.6,21851,0,0,0,0,21851,0,20980,871,4,0
G3,36.7,21851,0,0,0,0,21851,0,20987,864,4,0
G3,36.8,21851,0,0,0,0,21851,0,20994,857,4,0
G3,36.9,21851,0,0,0,0,21851,0,21001,850,4,0
G3,37.0,21851,0,0,0,0,21851,0,21008,843,4,0
G3,37.1,21851,0,0,0,0,21851,0,21015,836,4,0
G3,37.2,21851,0,0,0,0,21851,0,21022,829,4,0
G3,37.3,21851,0,0,0,0,21851,0,21029,822,4,0
G3,37.4,21851,0,0,0,0,21851,0,21036,815,4,0
G3,37.5,21851,0,0,0,0,21851,0,21043,808,4,0
G3,37.6,21851,0,0,0,0,21851,0,21050,801,4,0
G3,37.7,21851,0,0,0,0,21851,0,21057,794,4,0
G3,37.8,21851,0,0,0,0,21851,0,21064,787,4,0
G3,37.9,21851,0,0,0,0,21851,0,21071,780,4,0
G3,38.0,21851,0,0,0,0,21851,0,21078,773,4,0
G3,38.1,21851,0,0,0,0,21851,0,21085,766,4,0
G3,38.2,21851,0,0,0,0,21851,0,21092,759,4,0
G3,38.3,21851,0,0,0,0,21851,0,21099,752,4,0
G3,38.4,21851,0,0,0,0,21851,0,21106,745,4,0
G3,38.5,21851,0,0,0,0,21851,0,21113,738,4,0
G3,38.6,21851,0,0,0,0,21851,0,21120,731,4,0
G3,38.7,21851,0,0,0,0,21851,0,21127,724,4,0
G3,38.8,21851,0,0,0,0,21851,0,21134,717,4,0
G3,38.9,21851,0,0,0,0,21851,0,21141,710,4,0
G3,39.0,21851,0,0,0,0,21851,0,21148,703,4,0
G3,39.1,21851,0,0,0,0,21851,0,21155,696,4,0
G3,39.2,21851,0,0,0,0,21851,0,21162,689,4,0
G3,39.3,21851,0,0,0,0,21851,0,21169,682,4,0
G3,39.4,21851,0,0,0,0,21851,0,21176,675,4,0
G3,39.5,21851,0,0,0,0,21851,0,21183,668,4,0
G3,39.6,21851,0,0,0,0,21851,0,21190,661,4,0
G3,39.7,21851,0,0,0,0,21851,0,21197,654,4,0
G3,39.8,21851,0,0,0,0,21851,0,21204,647,4,0
G3,39.9,21851,0,0,0,0,21851,0,21211,640,4,0
G3,40.0,21851,0,0,0,0,21851,0,21218,633,4,0
G3,60.0,21851,0,0,0,0,21851,0,21791,60,0,0
G3,85.0,21851,0,0,0,0,21851,0,21851,0,0,0
G4,0.0,19779,19779,1461,18318,0,0,0,0,0,0,0
G4,1.0,19779,19531,1460,18071,0,248,0,248,0,0,0
G4,2.0,19779,19055,1462,17593,0,724,0,724,0,0,0
G4,3.0,19779,18436,1458,16978,0,1343,0,1343,0,0,0
G4,4.0,19779,17764,1457,16307,0,2015,0,2015,0,0,0
G4,5.0,19779,17079,1466,15613,0,2700,0,2700,0,0,0
G4,6.0,19779,16373,1460,14913,0,3406,0,3406,0,0,0
G4,7.0,19779,15667,1459,14208,0,4112,0,4112,0,0,0
G4,8.0,19779,14955,1464,13491,0,4824,0,4824,0,0,0
G4,9.0,19779,14234,1458,12776,0,5545,0,5545,0,0,0
G4,10.0,19779,13511,1463,12048,0,6268,0,6268,0,0,0
G4,11.0,19779,12782,1466,11316,0,6997,0,6997,0,0,0
G4,12.0,19779,12051,1461,10590,0,7728,0,7728,0,0,0
G4,13.0,19779,11314,1467,9847,0,8465,0,8465,0,0,0
G4,14.0,19779,10575,1453,9122,0,9204,0,9204,0,0,0
G4,15.0,19779,9839,1460,8379,0,9940,0,9854,86,0,0
G4,24.0,19779,1449,79,1370,0,18330,0,16948,1382,5,0
G4,28.0,19779,107,0,107,0,19667,0,18392,1275,5,0
G4,29.0,19779,17,0,17,0,19757,0,18449,1308,5,0
G4,30.0,19779,1,0,1,0,19773,0,18500,1273,5,0
G4,30.1,19779,0,0,0,0,19773,0,18505,1268,5,0
G4,30.2,19779,0,0,0,0,19773,0,18509,1264,5,0
G4,30.3,19779,0,0,0,0,19773,0,18511,1262,5,0
G4,30.4,19779,0,0,0,0,19773,0,18515,1258,5,0
G4,30.5,19779,0,0,0,0,19773,0,18518,1255,5,0
G4,30.6,19779,0,0,0,0,19773,0,18520,1253,5,0
G4,30.7,19779,0,0,0,0,19773,0,18522,1251,5,0
G4,30.8,19779,0,0,0,0,19773,0,18524,1249,5,0
G4,30.9,19779,0,0,0,0,19774,0,18526,1248,4,0
G4,31.0,19779,0,0,0,0,19774,0,18528,1246,4,0
G4,31.1,19779,0,0,0,0,19774,0,18530,1244,4,0
G4,31.2,19779,0,0,0,0,19774,0,18532,1242,4,0
G4,31.3,19779,0,0,0,0,19774,0,18534,1240,4,0
G4,31.4,19779,0,0,0,0,19774,0,18537,1237,4,0
G4,31.5,19779,0,0,0,0,19774,0,18539,1235,4,0
G4,31.6,19779,0,0,0,0,19774,0,18541,1233,4,0
G4,31.7,19779,0,0,0,0,19774,0,18543,1231,4,0
G4,31.8,19779,0,0,0,0,19774,0,18545,1229,4,0
G4,31.9,19779,0,0,0,0,19774,0,18547,1227,4,0
G4,32.0,19779,0,0,0,0,19774,0,18549,1225,4,0
G4,32.1,19779,0,0,0,0,19774,0,18551,1223,4,0
G4,32.2,19779,0,0,0,0,19774,0,18553,1221,4,0
G4,32.3,19779,0,0,0,0,19774,0,18555,1219,4,0
G4,32.4,19779,0,0,0,0,19774,0,18557,1217,4,0
G4,32.5,19779,0,0,0,0,19774,0,18559,1215,4,0
G4,32.6,19779,0,0,0,0,19774,0,18561,1213,4,0
G4,32.7,19779,0,0,0,0,19774,0,18563,1211,4,0
G4,32.8,19779,0,0,0,0,19774,0,18565,1209,4,0
G4,32.9,19779,0,0,0,0,19774,0,18567,1207,4,0
G4,33.0,19779,0,0,0,0,19774,0,18569,1205,4,0
G4,33.1,19779,0,0,0,0,19774,0,18571,1203,4,0
G4,33.2,19779,0,0,0,0,19774,1201,4,0
G4,33.3,19779,0,0,0,0,19774,0,18575,1199,4,0
G4,33.4,19779,0,0,0,0,19774,0,18577,1197,4,0
G4,33.5,19779,0,0,0,0,19774,0,18579,1195,4,0
G4,33.6,19779,0,0,0,0,19774,0,18581,1193,4,0
G4,33.7,19779,0,0,0,0,19774,0,18583,1191,4,0
G4,33.8,19779,0,0,0,0,19774,0,18585,1189,4,0
G4,33.9,19779,0,0,0,0,19774,0,18587,1187,4,0
G4,34.0,19779,0,0,0,0,19774,0,18589,1185,4,0
G4,34.1,19779,0,0,0,0,19774,0,18591,1183,4,0
G4,34.2,19779,0,0,0,0,19774,0,18593,1181,4,0
G4,34.3,19779,0,0,0,0,19774,0,18595,1179,4,0
G4,34.4,19779,0,0,0,0,19774,0,18597,1177,4,0
G4,34.5,19779,0,0,0,0,19774,0,18599,1175,4,0
G4,34.6,19779,0,0,0,0,19774,0,18601,1173,4,0
G4,34.7,19779,0,0,0,0,19774,0,18603,1171,4,0
G4,34.8,19779,0,0,0,0,19774,0,18605,1169,4,0
G4,34.9,19779,0,0,0,0,19774,0,18607,1167,4,0
G4,35.0,19779,0,0,0,0,19774,0,18609,1165,4,0
G4,35.1,19779,0,0,0,0,19774,0,18611,1163,4,0
G4,35.2,19779,0,0,0,0,19774,0,18613,1161,4,0
G4,35.3,19779,0,0,0,0,19774,0,18615,1159,4,0
G4,35.4,19779,0,0,0,0,19774,0,18617,1157,4,0
G4,35.5,19779,0,0,0,0,19774,0,18619,1155,4,0
G4,35.6,19779,0,0,0,0,19774,0,18621,1153,4,0
G4,35.7,19779,0,0,0,0,19774,0,18623,1151,4,0
G4,35.8,19779,0,0,0,0,19774,0,18625,1149,4,0
G4,35.9,19779,0,0,0,0,19774,0,18627,1147,4,0
G4,36.0,19779,0,0,0,0,19774,0,18629,1145,4,0
G4,36.1,19779,0,0,0,0,19774,0,18631,1143,4,0
G4,36.2,19779,0,0,0,0,19774,0,18633,1141,4,0
G4,36.3,19779,0,0,0,0,19774,0,18635,1139,4,0
G4,36.4,19779,0,0,0,0,19774,0,18637,1137,4,0
G4,36.5,19779,0,0,0,0,19774,0,18639,1135,4,0
G4,36.6,19779,0,0,0,0,19774,0,18641,1133,4,0
G4,36.7,19779,0,0,0,0,19774,0,18643,1131,4,0
G4,36.8,19779,0,0,0,0,19774,0,18645,1129,4,0
G4,36.9,19779,0,0,0,0,19774,0,18647,1127,4,0
G4,37.0,19779,0,0,0,0,19774,0,18649,1125,4,0
G4,37.1,19779,0,0,0,0,19774,0,18651,1123,4,0
G4,37.2,19779,0,0,0,0,19774,0,18653,1121,4,0
G4,37.3,19779,0,0,0,0,19774,0,18655,1119,4,0
G4,37.4,19779,0,0,0,0,19774,0,18657,1117,4,0
G4,37.5,19779,0,0,0,0,19774,0,18659,1115,4,0
G4,37.6,19779,0,0,0,0,19774,0,18661,1113,4,0
G4,37.7,19779,0,0,0,0,19774,0,18663,1111,4,0
G4,37.8,19779,0,0,0,0,19774,0,18665,1109,4,0
G4,37.9,19779,0,0,0,0,19774,0,18667,1107,4,0
G4,38.0,19779,0,0,0,0,19774,0,18669,1105,4,0
G4,38.1,19779,0,0,0,0,19774,0,18671,1103,4,0
G4,38.2,19779,0,0,0,0,19774,0,18673,1101,4,0
G4,38.3,19779,0,0,0,0,19774,0,18675,1099,4,0
G4,38.4,19779,0,0,0,0,19774,0,18677,1097,4,0
G4,38.5,19779,0,0,0,0,19774,0,18679,1095,4,0
G4,38.6,19779,0,0,0,0,19774,0,18681,1093,4,0
G4,38.7,19779,0,0,0,0,19774,0,18683,1091,4,0
G4,38.8,19779,0,0,0,0,19774,0,18685,1089,4,0
G4,38.9,19779,0,0,0,0,19774,0,18687,1087,4,0
G4,39.0,19779,0,0,0,0,19774,0,18689,1085,4,0
G4,39.1,19779,0,0,0,0,19774,0,18691,1083,4,0
G4,39.2,19779,0,0,0,0,19774,0,18693,1081,4,0
G4,39.3,19779,0,0,0,0,19774,0,18695,1079,4,0
G4,39.4,19779,0,0,0,0,19774,0,18697,1077,4,0
G4,39.5,19779,0,0,0,0,19774,0,18699,1075,4,0
G4,39.6,19779,0,0,0,0,19774,0,18701,1073,4,0
G4,39.7,19779,0,0,0,0,19774,0,18703,1071,4,0
G4,39.8,19779,0,0,0,0,19774,0,18705,1069,4,0
G4,39.9,19779,0,0,0,0,19774,0,18707,1067,4,0
G4,40.0,19779,0,0,0,0,19774,0,18709,1065,4,0
G4,60.0,19779,0,0,0,0,19779,0,19779,0,0,0
G4,85.0,19779,0,0,0,0,19779,0,19777,2,0,0
G5,0.0,21851,16134,1461,14673,0,5717,0,5717,0,0,0
G5,1.0,21851,16110,1460,14650,0,5741,0,5741,0,0,0
G5,2.0,21851,16045,1462,14583,0,5806,0,5806,0,0,0
G5,3.0,21851,15944,1458,14486,0,5907,0,5907,0,0,0
G5,4.0,21851,15600,1457,14143,0,6251,0,6251,0,0,0
G5,5.0,21851,15079,1466,13613,0,6772,0,6772,0,0,0
G5,6.0,21851,14512,1460,13052,0,7339,0,7339,0,0,0
G5,7.0,21851,13922,1459,12463,0,7929,0,7929,0,0,0
G5,8.0,21851,13302,1464,11838,0,8549,0,8549,0,0,0
G5,9.0,21851,12667,1458,11209,0,9184,0,9184,0,0,0
G5,10.0,21851,12024,1463,10561,0,9827,0,9827,0,0,0
G5,11.0,21851,11373,1466,9907,0,10478,0,10478,0,0,0
G5,12.0,21851,10692,1461,9231,0,11159,0,11159,0,0,0
G5,13.0,21851,9999,1467,8532,0,11852,0,11852,0,0,0
G5,14.0,21851,9323,1453,7870,0,12528,0,12528,0,0,0
G5,15.0,21851,8662,1460,7202,0,13189,0,13170,19,0,0
G5,24.0,21851,2929,198,2726,5,18915,0,17680,1235,7,0
G5,28.0,21851,884,0,884,0,20961,0,19760,1201,6,0
G5,29.0,21851,490,0,490,0,21354,0,20225,1129,7,0
G5,30.0,21851,156,0,156,0,21691,0,20621,1070,4,0
G5,30.1,21851,130,0,130,0,21717,0,20651,1066,4,0
G5,30.2,21851,101,0,101,0,21746,0,20684,1062,4,0
G5,30.3,21851,80,0,80,0,21767,0,20711,1056,4,0
G5,30.4,21851,57,0,57,0,21790,0,20744,1046,4,0
G5,30.5,21851,37,0,37,0,21810,0,20771,1039,4,0
G5,30.6,21851,18,0,18,0,21829,0,20804,1025,4,0
G5,30.7,21851,9,0,9,0,21838,0,20815,1023,4,0
G5,30.8,21851,3,0,3,0,21844,0,20828,1016,4,0
G5,30.9,21851,0,0,0,0,21847,0,20835,1012,4,0
G5,31.0,21851,0,0,0,0,21847,0,20839,1008,4,0
G5,31.1,21851,0,0,0,0,21847,0,20845,1002,4,0
G5,31.2,21851,0,0,0,0,21847,0,20852,995,4,0
G5,31.3,21851,0,0,0,0,21847,0,20856,991,4,0
G5,31.4,21851,0,0,0,0,21847,0,20864,983,4,0
G5,31.5,21851,0,0,0,0,21847,0,20879,968,4,0
G5,31.6,21851,0,0,0,0,21846,0,20887,959,5,0
G5,31.7,21851,0,0,0,0,21845,0,20891,954,6,0
G5,31.8,21851,0,0,0,0,21845,0,20893,952,6,0
G5,31.9,21851,0,0,0,0,21845,0,20897,948,6,0
G5,32.0,21851,0,0,0,0,21845,0,20904,941,6,0
G5,32.1,21851,0,0,0,0,21845,0,20909,936,6,0
G5,32.2,21851,0,0,0,0,21846,0,20915,931,5,0
G5,32.3,21851,0,0,0,0,21846,0,20916,930,5,0
G5,32.4,21851,0,0,0,0,21846,0,20927,919,5,0
G5,32.5,21851,0,0,0,0,21846,0,20940,906,5,0
G5,32.6,21851,0,0,0,0,21846,0,20942,904,5,0
G5,32.7,21851,0,0,0,0,21846,0,20944,902,5,0
G5,32.8,21851,0,0,0,0,21846,0,20947,899,5,0
G5,32.9,21851,0,0,0,0,21846,0,20955,891,5,0
G5,33.0,21851,0,0,0,0,21846,0,20957,889,5,0
G5,33.1,21851,0,0,0,0,21845,0,20959,886,6,0
G5,33.2,21851,0,0,0,0,21845,0,20961,884,6,0
G5,33.3,21851,0,0,0,0,21845,0,20969,876,6,0
G5,33.4,21851,0,0,0,0,21845,0,20981,864,6,0
G5,33.5,21851,0,0,0,0,21845,0,20989,856,6,0
G5,33.6,21851,0,0,0,0,21845,0,20995,850,6,0
G5,33.7,21851,0,0,0,0,21846,0,20999,847,5,0
G5,33.8,21851,0,0,0,0,21846,0,21005,841,5,0
G5,33.9,21851,0,0,0,0,21846,0,21010,836,5,0
G5,34.0,21851,0,0,0,0,21846,0,21013,833,5,0
G5,34.1,21851,0,0,0,0,21846,0,21016,830,5,0
G5,34.2,21851,0,0,0,0,21846,0,21021,825,5,0
G5,34.3,21851,0,0,0,0,21846,0,21027,819,5,0
G5,34.4,21851,0,0,0,0,21847,0,21034,813,4,0
G5,34.5,21851,0,0,0,0,21847,0,21040,807,4,0
G5,34.6,21851,0,0,0,0,21847,0,21046,801,4,0
G5,34.7,21851,0,0,0,0,21847,0,21050,797,4,0
G5,34.8,21851,0,0,0,0,21847,0,21055,792,4,0
G5,34.9,21851,0,0,0,0,21847,0,21059,788,4,0
G5,35.0,21851,0,0,0,0,21848,0,21063,785,3,0
G5,35.1,21851,0,0,0,0,21848,0,21065,783,3,0
G5,35.2,21851,0,0,0,0,21848,0,21073,775,3,0
G5,35.3,21851,0,0,0,0,21848,0,21076,772,3,0
G5,35.4,21851,0,0,0,0,21848,0,21085,763,3,0
G5,35.5,21851,0,0,0,0,21849,0,21086,763,2,0
G5,35.6,21851,0,0,0,0,21849,0,21095,754,2,0
G5,35.7,21851,0,0,0,0,21849,0,21099,750,2,0
G5,35.8,21851,0,0,0,0,21849,0,21107,742,2,0
G5,35.9,21851,0,0,0,0,21849,0,21111,738,2,0
G5,36.0,21851,0,0,0,0,21849,0,21118,731,2,0
G5,36.1,21851,0,0,0,0,21848,0,21120,728,3,0
G5,36.2,21851,0,0,0,0,21848,0,21124,724,3,0
G5,36.3,21851,0,0,0,0,21848,0,21128,720,3,0
G5,36.4,21851,0,0,0,0,21848,0,21132,716,3,0
G5,36.5,21851,0,0,0,0,21848,0,21135,713,3,0
G5,36.6,21851,0,0,0,0,21848,0,21140,708,3,0
G5,36.7,21851,0,0,0,0,21848,0,21146,702,3,0
G5,36.8,21851,0,0,0,0,21848,0,21157,691,3,0
G5,36.9,21851,0,0,0,0,21848,0,21160,688,3,0
G5,37.0,21851,0,0,0,0,21848,0,21168,680,3,0
G5,37.1,21851,0,0,0,0,21848,0,21171,677,3,0
G5,37.2,21851,0,0,0,0,21848,0,21171,677,3,0
G5,37.3,21851,0,0,0,0,21848,0,21176,672,3,0
G5,37.4,21851,0,0,0,0,21848,0,21178,670,3,0
G5,37.5,21851,0,0,0,0,21848,0,21185,663,3,0
G5,37.6,21851,0,0,0,0,21848,0,21189,659,3,0
G5,37.7,21851,0,0,0,0,21848,0,21190,658,3,0
G5,37.8,21851,0,0,0,0,21848,0,21194,654,3,0
G5,37.9,21851,0,0,0,0,21848,0,21204,644,3,0
G5,38.0,21851,0,0,0,0,21848,0,21210,638,3,0
G5,38.1,21851,0,0,0,0,21848,0,21212,636,3,0
G5,38.2,21851,0,0,0,0,21848,0,21218,630,3,0
G5,38.3,21851,0,0,0,0,21848,0,21221,627,3,0
G5,38.4,21851,0,0,0,0,21848,0,218?